codigo,categoria,categoria_wp_id,has_translation,nombre_es,nombre_en,nombre_pt,descripcion_corta_es,descripcion_corta_en,descripcion_corta_pt
AD001,aditivos,3,true,"Combacid XL","Combacid XL","Combacid XL","Es un producto en polvo usado como aditivo alimentario que inhibe agentes patógenos que ocasionan enfermedades, se considera un promotor de crecimi...","A powder product used as a feed additive that inhibits pathogenic agents causing diseases, considered a growth promoter.","Um produto em pó usado como aditivo alimentar que inibe agentes patogênicos causadores de doenças, considerado um promotor de crescimento."
AD002,aditivos,3,true,"Carophyll Pink","Carophyll Pink","Carophyll Pink","Pigmentante en polvo utilizado como aditivo alimentario en camarones para funciones de pigmentación, fotoprotección y como antioxidante. Contiene a...","Powder pigment used as a feed additive in shrimp for pigmentation, photoprotection and antioxidant functions. Contains astaxanthin in a matrix coat...","Pigmento em pó usado como aditivo alimentar em camarões para funções de pigmentação, fotoproteção e como antioxidante. Contém astaxantina em uma ma..."
AD003,aditivos,3,true,"Desinfectante Argentyne","Argentyne Disinfectant","Desinfetante Argentyne","Desinfectante en base a yodo, utilizado en laboratorio para la desinfección de huevos y post-larvas de camarones y peces. El producto está certific...","Iodine-based disinfectant used in laboratory for disinfection of shrimp and fish eggs and post-larvae. The product is certified as free of viruses,...","Desinfetante à base de iodo, utilizado em laboratório para a desinfecção de ovos e pós-larvas de camarões e peixes. O produto está certificado como..."
AD004,aditivos,3,true,"Emerald","Emerald","Emerald","Premezcla aromatizante en polvo para especies acuícolas como camarones y peces. Formulada en forma de microperlas, contiene una combinación estanda...","Flavoring powder premix for aquatic species such as shrimp and fish. Formulated as microbeads, it contains a standardized combination of cinnamon e...","Pré-mistura aromatizante em pó para espécies aquáticas como camarões e peixes. Formulada em forma de microesferas, contém uma combinação padronizad..."
AD005,aditivos,3,true,"Florfenicol","Florfenicol","Florfenicol","Antibiótico de amplio espectro aprobado por la FDA para el tratamiento de enfermedades bacterianas en organismos acuícolas. Recomendado para uso en...","Broad-spectrum antibiotic approved by the FDA for the treatment of bacterial diseases in aquaculture organisms. Recommended for use in shrimp and f...","Antibiótico de amplo espectro aprovado pela FDA para o tratamento de doenças bacterianas em organismos aquícolas. Recomendado para uso em camarões ..."
AD006,aditivos,3,true,"Oxitetraciclina","Oxytetracycline","Oxitetraciclina","Antibiótico de amplio espectro autorizado por la FDA para uso en acuicultura. Diseñado para el tratamiento de bacterias grampositivas, gramnegativa...","Broad-spectrum antibiotic authorized by the FDA for use in aquaculture. Designed for the treatment of gram-positive, gram-negative, anaerobic bacte...","Antibiótico de amplo espectro autorizado pela FDA para uso na aquicultura. Projetado para o tratamento de bactérias gram-positivas, gram-negativas,..."
AD007,aditivos,3,true,"Prime Booster","Prime Booster","Prime Booster","Enriquecedor nutricional formulado con una combinación de vitaminas, minerales y fosfolípidos con alto contenido de DHA. Diseñado para fortalecer e...","Nutritional enricher formulated with a combination of vitamins, minerals and phospholipids with high DHA content. Designed to strengthen the rudime...","Enriquecedor nutricional formulado com uma combinação de vitaminas, minerais e fosfolípidos com alto teor de DHA. Projetado para fortalecer o siste..."
AD008,aditivos,3,true,"Protector D3 + Zinc Activado","Protector D3 + Activated Zinc","Protector D3 + Zinco Ativado","Premezcla vitamínico-mineral formulada para camarones Penaeus vannamei en todas sus fases, incluyendo larvarias. Su formulación equilibrada en elec...","Vitamin-mineral premix formulated for Penaeus vannamei shrimp in all phases, including larval. Its balanced formulation of electrolytes, minerals a...","Pré-mistura vitamínico-mineral formulada para camarões Penaeus vannamei em todas as fases, incluindo larvais. Sua formulação equilibrada em eletról..."
AD009,aditivos,3,true,"Saponina","Saponin","Saponina","Producto natural y orgánico utilizado en la acuicultura, especialmente en camaroneras, para eliminar peces no deseados, mejillones, parásitos e ins...","Natural and organic product used in aquaculture, especially in shrimp farms, to eliminate unwanted fish, mussels, parasites and harmful insects in ...","Produto natural e orgânico utilizado na aquicultura, especialmente em fazendas de camarão, para eliminar peixes indesejados, mexilhões, parasitas e..."
AD010,aditivos,3,true,"Vevovitall","Vevovitall","Vevovitall","Aditivo alimentario en forma de hojuelas blancas compuesto por ácido benzoico, diseñado para mejorar la salud intestinal y la eficiencia alimentari...","Feed additive in white flake form composed of benzoic acid, designed to improve intestinal health and feed efficiency in fish and shrimp. Acts as a...","Aditivo alimentar em forma de flocos brancos composto por ácido benzoico, projetado para melhorar a saúde intestinal e a eficiência alimentar em pe..."
AD011,aditivos,3,true,"Vitamina C","Vitamin C","Vitamina C","Vitamina C (L-Ácido Ascórbico al 99%) utilizada como suplemento nutricional en camarones y peces. Puede aplicarse mezclada con el alimento o direct...","Vitamin C (L-Ascorbic Acid 99%) used as nutritional supplement in shrimp and fish. Can be applied mixed with feed or directly in water, especially ...","Vitamina C (Ácido L-Ascórbico 99%) utilizada como suplemento nutricional em camarões e peixes. Pode ser aplicada misturada com a ração ou diretamen..."
AD012,aditivos,3,true,"Vitamina C Monofosfatada","Monophosphated Vitamin C","Vitamina C Monofosfatada","Vitamina C estabilizada (L-Ácido Ascórbico al 35%) en forma monofosfatada, diseñada para resistir altas temperaturas y proteger su actividad biológ...","Stabilized Vitamin C (L-Ascorbic Acid 35%) in monophosphated form, designed to resist high temperatures and protect its biological activity during ...","Vitamina C estabilizada (Ácido L-Ascórbico 35%) em forma monofosfatada, projetada para resistir a altas temperaturas e proteger sua atividade bioló..."
AL001,alimentos,4,true,"Advance Feed","Advance Feed","Advance Feed","Dieta balanceada de alta calidad para larvas de camarón (Zoea, Mysis y PL) formulada científicamente para optimizar el desarrollo, salud y superviv...","High-quality balanced diet for shrimp larvae (Zoea, Mysis and PL) scientifically formulated to optimize development, health and survival in early s...","Dieta balanceada de alta qualidade para larvas de camarão (Zoea, Mysis e PL) formulada cientificamente para otimizar o desenvolvimento, saúde e sob..."
AL002,alimentos,4,true,"Artemia Adulta Congelada","Frozen Adult Artemia","Artêmia Adulta Congelada","La biomasa de artemia adulta enriquecida y congelada (Artemia Frozen), está lista para ser utilizada en los laboratorios de producción de nauplios ...","Enriched and frozen adult artemia biomass (Artemia Frozen), ready to be used in shrimp nauplii and postlarvae production laboratories. Contains 100...","A biomassa de artêmia adulta enriquecida e congelada (Artemia Frozen), está pronta para ser utilizada nos laboratórios de produção de náuplios e pó..."
AL003,alimentos,4,true,"Brine Shrimp Flake","Brine Shrimp Flake","Brine Shrimp Flake","Dieta en hojuelas desarrollada en EE. UU., diseñada para complementar alimentos naturales y otras dietas larvales. Elaborada con ingredientes natur...","Flake diet developed in the USA, designed to complement natural foods and other larval diets. Made with high-quality natural ingredients, including...","Dieta em flocos desenvolvida nos EUA, projetada para complementar alimentos naturais e outras dietas larvais. Elaborada com ingredientes naturais d..."
AL004,alimentos,4,true,"Calamares","Squid","Lulas","La alimentación es de fundamental importancia en el proceso de maduración y reproducción.  Dentro de los compuestos fundamentales en la dieta se en...","Feeding is of fundamental importance in the maturation and reproduction process. Among the fundamental compounds in the diet are linolenic acid ser...","A alimentação é de fundamental importância no processo de maturação e reprodução. Entre os compostos fundamentais na dieta encontram-se os ácidos g..."
AL005,alimentos,4,true,"Cistos de Artemia","Artemia Cysts","Cistos de Artêmia","Quistes de Artemia franciscana cosechados en el Gran Lago Salado de Utah, EE.UU., con altos estándares de calidad y tecnología de procesamiento. Pu...","Artemia franciscana cysts harvested from the Great Salt Lake of Utah, USA, with high quality standards and processing technology. Can be used hydra...","Cistos de Artemia franciscana colhidos no Grande Lago Salgado de Utah, EUA, com altos padrões de qualidade e tecnologia de processamento. Podem ser..."
AL006,alimentos,4,true,"Espirulina","Spirulina","Espirulina","La Espirulina Mackay Marine es una microalga azul verdosa comestible (Arthrospira platensis), cultivada y procesada en EE.UU. Se presenta en forma ...","Mackay Marine Spirulina is an edible blue-green microalgae (Arthrospira platensis), cultivated and processed in the USA. It comes in fine powder fo...","A Espirulina Mackay Marine é uma microalga azul-esverdeada comestível (Arthrospira platensis), cultivada e processada nos EUA. Apresenta-se em form..."
AL007,alimentos,4,true,"EZ Artemia (Microencapsulados)","EZ Artemia (Microencapsulated)","EZ Artemia (Microencapsulado)","Dieta líquida microencapsulada formulada por Zeigler Bros. Inc. (EE. UU.) como un sustituto balanceado y bioseguro de los nauplios de Artemia. Dise...","Microencapsulated liquid diet formulated by Zeigler Bros. Inc. (USA) as a balanced and biosecure substitute for Artemia nauplii. Designed to provid...","Dieta líquida microencapsulada formulada pela Zeigler Bros. Inc. (EUA) como substituto balanceado e biosseguro dos náuplios de Artemia. Projetada p..."
AL008,alimentos,4,true,"EZ Artemia Ultra (Microencapsulados)","EZ Artemia Ultra (Microencapsulated)","EZ Artemia Ultra (Microencapsulado)","Dieta líquida microencapsulada de nueva generación, formulada en EE. UU. para superar el perfil nutricional de la Artemia enriquecida. EZ Artemia U...","Next-generation microencapsulated liquid diet, formulated in the USA to surpass the nutritional profile of enriched Artemia. EZ Artemia Ultra offer...","Dieta líquida microencapsulada de nova geração, formulada nos EUA para superar o perfil nutricional da Artemia enriquecida. EZ Artemia Ultra oferec..."
AL009,alimentos,4,true,"EZ Larva (Microencapsulados)","EZ Larva (Microencapsulated)","EZ Larva (Microencapsulado)","Dieta líquida microencapsulada desarrollada por Zeigler Bros. Inc. (EE. UU.) para larvas de camarón. Formulada como una ración balanceada, con part...","Microencapsulated liquid diet developed by Zeigler Bros. Inc. (USA) for shrimp larvae. Formulated as a balanced ration, with soft and moist particl...","Dieta líquida microencapsulada desenvolvida pela Zeigler Bros. Inc. (EUA) para larvas de camarão. Formulada como ração balanceada, com partículas s..."
AL010,alimentos,4,true,"EZ Mate","EZ Mate","EZ Mate","Dieta en polvo para maduración de camarones elaborada por Zeigler Bros. Inc. (EE. UU.), diseñada para estimular una mayor eficiencia reproductiva e...","Powder diet for shrimp maturation manufactured by Zeigler Bros. Inc. (USA), designed to stimulate greater reproductive efficiency in maturation sys...","Dieta em pó para maturação de camarões elaborada pela Zeigler Bros. Inc. (EUA), projetada para estimular maior eficiência reprodutiva em sistemas d..."
AL011,alimentos,4,true,"Flake Negro de Artemia","Artemia Black Flake","Flake Negro de Artemia","Dieta premium en hojuelas formulada para el óptimo desarrollo y sobrevivencia de larvas de camarón, especialmente eficaz durante los estadios de My...","Premium flake diet formulated for optimal development and survival of shrimp larvee, especially effective during Mysis and Postlarva (PL) stages. C...","Dieta premium em flocos formulada para o desenvolvimento ótimo e sobrevivência de larvas de camarão, especialmente eficaz durante os estágios de My..."
AL012,alimentos,4,true,"Gold Feed (Microparticulados)","Gold Feed (Microparticulated)","Gold Feed (Microparticulado)","Alimento microparticulado premium formulado especialmente para larvas de camarón en estadios de Mysis y Postlarva (PL). Su composición con ingredie...","Premium microparticulated feed specially formulated for shrimp larvae in Mysis and Postlarva (PL) stages. Its composition with high-quality marine ...","Alimento microparticulado premium formulado especialmente para larvas de camarão em estágios de Mysis e Pós-larva (PL). Sua composição com ingredie..."
AL013,alimentos,4,true,"Krill Congelado","Frozen Krill","Krill Congelado","El Krill (FRESH FROZEN KRILL – ANTARTIC KRILL) procesado en Canadá y capturado en el Océano Austral, es un alimento ampliamente utilizado en la acu...","Krill processed in Canada and caught in the Southern Ocean, is a food widely used in aquaculture, in fish and shrimp farming, mainly in the maturat...","O Krill processado no Canadá e capturado no Oceano Austral, é um alimento amplamente utilizado na aquicultura, em cultivos de peixes e camarões, pr..."
AL014,alimentos,4,true,"Larva AP 100 (Microparticulados)","Larva AP 100 (Microparticulates)","Larva AP 100 (Microparticulados)","Dieta granulada e hidroestable en micropartículas finas, científicamente formulada por Zeigler Bros. Inc. (EE. UU.) para la alimentación de camaron...","Fine microparticle granulated and water-stable diet, scientifically formulated by Zeigler Bros. Inc. (USA) for feeding shrimp in larval and postlar...","Dieta granulada e hidroestável em micropartículas finas, cientificamente formulada pela Zeigler Bros. Inc. (EUA) para alimentação de camarões em es..."
AL015,alimentos,4,true,"Larva Z - Plus (Microparticulados)","Larva Z - Plus (Microparticulated)","Larva Z - Plus (Microparticulado)","Dieta especializada para larvas y postlarvas de camarón desarrollada por Zeigler Bros. Inc. (EE. UU.). Su formulación balanceada incluye ingredient...","Specialized diet for shrimp larvae and postlarvae developed by Zeigler Bros. Inc. (USA). Its balanced formulation includes high-quality ingredients...","Dieta especializada para larvas e pós-larvas de camarão desenvolvida pela Zeigler Bros. Inc. (EUA). Sua formulação balanceada inclui ingredientes d..."
AL016,alimentos,4,true,"Mejillones","Mussels","Mexilhões","Dentro de los compuestos fundamentales en la dieta se encuentran los ácidos grasos de la serie linolénica (w3, de origen marino), colesterol y sus ...","Mollusks like mussels can supply up to 94.6 kcal from consumption of Omega-3 fatty acids EPA and DHA, both as the most suitable nutritional source ...","Moluscos como mexilhões podem fornecer até 94,6 kcal a partir do consumo de ácidos graxos Ômega-3 EPA e DHA, ambos como fonte nutricional mais adeq..."
AL017,alimentos,4,true,"MPs (Microparticulados)","MPs (Microparticulated)","MPs (Microparticulado)","Alimento microparticulado de alta calidad para larvas de camarón y peces. Su formulación nutricional completa, con excelente estabilidad y flotabil...","High-quality microparticulated feed for shrimp and fish larvae. Its complete nutritional formulation, with excellent stability and buoyancy, is des...","Alimento microparticulado de alta qualidade para larvas de camarão e peixes. Sua formulação nutricional completa, com excelente estabilidade e flut..."
AL018,alimentos,4,true,"P. Vannamei Microparticulado","P. Vannamei Microparticulated","P. Vannamei Microparticulado","P. vannamei Microparticulado es una dieta balanceada diseñada por Higashimaru Co., Ltd. para el cultivo en laboratorio de larvas de camarón Litopen...","P. vannamei Microparticulated is a balanced diet designed by Higashimaru Co., Ltd. for laboratory culture of Litopenaeus vannamei shrimp larvae. Th...","P. vannamei Microparticulado é uma dieta balanceada projetada pela Higashimaru Co., Ltd. para cultivo em laboratório de larvas de camarão Litopenae..."
AL019,alimentos,4,true,"Pre-Mix PL Raceway 40-9","Pre-Mix PL Raceway 40-9","Pre-Mix PL Raceway 40-9","Mini pellet formulado especialmente para post-larvas de camarón Penaeus vannamei durante su transición de criaderos controlados a estanques o pisci...","Mini pellet specially formulated for Penaeus vannamei shrimp post-larvae during their transition from controlled nurseries to ponds or pools with l...","Mini pellet formulado especialmente para pós-larvas de camarão Penaeus vannamei durante sua transição de criatórios controlados para tanques ou pis..."
AL020,alimentos,4,true,"Redi-Mate","Redi-Mate","Redi-Mate","Redi-Mate es una dieta semi-húmeda de alta calidad, especialmente formulada para la maduración de camarones peneidos. Mejora significativamente los...","Redi-Mate is a high-quality semi-moist diet, specially formulated for peneid shrimp maturation. Significantly improves reproductive indices, increa...","Redi-Mate é uma dieta semi-úmida de alta qualidade, especialmente formulada para maturação de camarões peneídeos. Melhora significativamente os índ..."
AL021,alimentos,4,true,"Shrimp Meal Starter 55-15","Shrimp Meal Starter 55-15","Shrimp Meal Starter 55-15","Dieta desarrollada por Zeigler Bros. Inc. (EE. UU.) para raceways y pre-cría de camarones. Se trata de un alimento altamente nutricional, diseñado ...","Diet developed by Zeigler Bros. Inc. (USA) for raceways and shrimp pre-nursery. It is a highly nutritional feed, designed to favor rapid growth and...","Dieta desenvolvida pela Zeigler Bros. Inc. (EUA) para raceways e pré-cria de camarões. Trata-se de um alimento altamente nutricional, projetado par..."
AL022,alimentos,4,true,"Z Pro (Microparticulados)","Z Pro (Microparticulated)","Z Pro (Microparticulado)","Dieta premium desarrollada por Zeigler Bros. Inc. (EE. UU.), formulada específicamente para la alimentación de camarones desde la fase Zoea (Z) has...","Premium diet developed by Zeigler Bros. Inc. (USA), specifically formulated for feeding shrimp from Zoea (Z) to Postlarval (PL) phase. Designed to ...","Dieta premium desenvolvida pela Zeigler Bros. Inc. (EUA), formulada especificamente para alimentação de camarões desde a fase Zoea (Z) até Pós-larv..."
AL023,alimentos,4,true,"ZM Feed para Zoea / Mysis","ZM Feed for Zoea / Mysis","ZM Feed para Zoea / Mysis","ZM FEED es una dieta microparticulada especialmente formulada para la alimentación de larvas de camarón en las etapas Zoea y Mysis, diseñada para s...","ZM FEED is a microparticulated diet specially formulated for feeding shrimp larvae in Zoea and Mysis stages, designed for application in laboratory...","ZM FEED é uma dieta microparticulada especialmente formulada para alimentação de larvas de camarão nos estágios Zoea e Mysis, projetada para aplica..."
EQ001,equipos,5,true,"Ammo Lock","Ammo Lock","Ammo Lock","El amonio es un compuesto tóxico para los cultivos acuícolas porque ocasiona: Daños severos en las branquias, problemas en la osmorregulación, desg...","Ammonia is a toxic compound for aquaculture crops because it causes: Severe damage to gills, osmoregulation problems, tissue wear, decreased growth...","A amônia é um composto tóxico para cultivos aquícolas porque causa: Danos severos nas brânquias, problemas na osmorregulação, desgaste nos tecidos,..."
EQ002,equipos,5,true,"Balanzas Ohaus","Ohaus Scales","Balanças Ohaus","Balanzas OHAUS de diferentes dimensiones y capacidades bajo pedido.","OHAUS scales of different dimensions and capacities on request.","Balanças OHAUS de diferentes dimensões e capacidades sob encomenda."
EQ003,equipos,5,true,"Blowers All Star","All Star Blowers","Sopradores All Star","","High efficiency blowers for aquaculture applications.","Sopradores de alta eficiência para aplicações aquícolas."
EQ004,equipos,5,true,"Blowers Gast","Gast Blowers","Sopradores Gast","Modelos con motor estándar.","Models with standard motor.","Modelos com motor padrão."
EQ005,equipos,5,true,"Bolso Filtrantes de Polipropileno","Filter Bags Polypropylene","Sacos Filtrantes de Polipropileno","El proceso de líquidos con bolsas filtrantes funciona como un filtro de profundidad y es muy recomendable para filtrar líquidos con un gran número ...","Liquid processing with filter bags works as a depth filter and is highly recommended for filtering liquids with a large number of solid or gelatino...","O processamento de líquidos com sacos filtrantes funciona como filtro de profundidade e é altamente recomendável para filtrar líquidos com grande n..."
EQ006,equipos,5,true,"Cámara Neubauer","Pleated Cartridge Filter","Filtro de Cartucho Plissado","Cámara de Neubauer o hemocitómetro es un instrumento para realizar el recuento de esporas y células en un medio líquido.","Pleated cartridge filters are designed for high-efficiency filtration in aquaculture water systems. Their pleated design maximizes filtration surfa...","Os filtros de cartucho plissado são projetados para filtração de alta eficiência em sistemas de água para aquicultura. Seu design plissado maximiza..."
EQ007,equipos,5,true,"Cámara Sedgewick","Diffuser Aeration System","Sistema de Aeração por Difusores","Cámara de recuento Sedgewick Rafter para contar partículas y microorganismos en 1 ml de agua u otros líquidos transparentes.","Complete diffuser aeration system designed specifically for shrimp ponds and aquaculture systems. Includes high-efficiency diffusers that generate ...","Sistema completo de aeração por difusores projetado especificamente para viveiros de camarão e sistemas aquícolas. Inclui difusores de alta eficiên..."
EQ008,equipos,5,true,"Chemetrics Kit de Alcalinidad Total","Saltwater Centrifugal Pump","Bomba Centrífuga de Água Salgada","Las pruebas de alcalinidad total de CHEMETRICS determinan el total usando un valorante de ácido clorhídrico y un indicador verde de bromocresol/roj...","Specialized centrifugal pump for saltwater handling in aquaculture systems. Built with corrosion-resistant materials to ensure lasting performance ...","Bomba centrífuga especializada para manuseio de água salgada em sistemas aquícolas. Construída com materiais resistentes à corrosão para garantir d..."
EQ009,equipos,5,true,"Chemetrics Kit de Amonio","Digital Dissolved Oxygen Meter","Medidor de Oxigênio Dissolvido Digital","Kit de Amonio Chemetrics, permite realizar pruebas para determinar concentraciones de amoníaco, son aplicables para acuarios, piscinas camaroneras,...","High-precision digital meter for dissolved oxygen monitoring in aquaculture systems. Equipped with fast-response electrochemical sensor and easy-to...","Medidor digital de alta precisão para monitoramento de oxigênio dissolvido em sistemas aquícolas. Equipado com sensor eletroquímico de resposta ráp..."
EQ010,equipos,5,true,"Chemetrics Kit de Dióxido de Carbono","UV-C Sterilization Filter","Filtro UV-C para Esterilização","El dióxido de carbono (CO2) disuelto está presente de forma natural como resultado de la respiración animal, la descomposición de la materia orgáni...","UV-C ultraviolet light sterilization system designed to eliminate bacteria, viruses and pathogenic microorganisms in aquaculture systems. UV-C tech...","Sistema de esterilização por luz ultravioleta UV-C projetado para eliminar bactérias, vírus e microorganismos patogênicos em sistemas aquícolas. A ..."
EQ011,equipos,5,true,"Chemetrics Kit de Dureza","Protein Skimmer for Aquaculture","Skimmer de Proteínas para Aquicultura","La dureza es una medida del contenido mineral del agua. El calcio y el magnesio son los minerales más comunes que contribuyen a la dureza. El métod...","Specialized protein skimmer for recirculating aquaculture systems (RAS). Uses air injection foaming technology to remove dissolved organic compound...","Skimmer de proteínas especializado para sistemas de recirculação em aquicultura (RAS). Utiliza tecnologia de espumação por injeção de ar para remov..."
EQ012,equipos,5,true,"Chemetrics Kit de Fosfato","RAS Biofiltration System","Sistema de Biofiltração RAS","El kit de prueba para fosfato emplea la química del cloruro de estaño. En una solución acídica, el ortofosfato reacciona con el molibdato de amonio...","Complete biofiltration system for recirculating aquaculture systems (RAS). Includes moving bed biofilters (MBBR) with high specific surface filtrat...","Sistema completo de biofiltração para sistemas de recirculação aquícola (RAS). Inclui biofiltros de leito móvel (MBBR) com meios de filtração de al..."
EQ013,equipos,5,true,"Chemetrics Kit de Hierro","Multi-parameter Water Meter","Medidor Multiparâmetro de Água","El método de análisis de hierro emplea la química de la fenantrolina. El hierro ferroso reacciona con fenantrolina para formar un complejo de color...","Advanced digital meter capable of measuring multiple critical water parameters simultaneously. Includes sensors for pH, dissolved oxygen, conductiv...","Medidor digital avançado capaz de medir múltiplos parâmetros críticos da água simultaneamente. Inclui sensores para pH, oxigênio dissolvido, condut..."
EQ014,equipos,5,true,"Chemetrics Kit de Nitrato","Automated Sand and Gravel Filter","Filtro de Areia e Cascalho Automatizado","El kit de prueba para nitrato emplea el método de reducción de cadmio. El nitrato se reduce a nitrito en presencia de cadmio. En una solución acídi...","Automated mechanical filtration system with multi-layer sand and gravel media. Designed for efficient removal of suspended solids in aquaculture sy...","Sistema de filtração mecânica automatizado com meios de areia e cascalho de múltiplas camadas. Projetado para remoção eficiente de sólidos suspenso..."
EQ015,equipos,5,true,"Chemetrics Kit de Nitrito","Ozone Generator for Aquaculture","Gerador de Ozônio para Aquicultura","El kit de prueba para nitrito CHEMets emplea el método de formación de tinte. En una solución acídica, el nitrito diazotiza con una amina aromática...","Aquaculture-grade ozone generator designed for advanced disinfection and water quality improvement. Uses corona discharge technology to produce hig...","Gerador de ozônio de grau aquícola projetado para desinfecção avançada e melhoria da qualidade da água. Utiliza tecnologia de descarga corona para ..."
EQ016,equipos,5,true,"Chemetrics Kit de Peróxido de Hidrógeno","High Pressure Blower for Aeration","Soprador de Alta Pressão para Aeração","Este kit de valoración de peróxido de hidrógeno viene en una caja de cartón y contiene todo lo necesario para realizar 30 pruebas: treinta ampollas...","High-pressure centrifugal blower specially designed for aeration systems in aquaculture. Provides constant airflow and stable pressure to feed diff...","Soprador centrífugo de alta pressão especialmente projetado para sistemas de aeração em aquicultura. Proporciona fluxo de ar constante e pressão es..."
EQ017,equipos,5,true,"Chemetrics Kit de Sulfito","Automatic Aquaculture Control System","Sistema de Controle Automático de Cultivo","Los kits de prueba para sulfito emplean la químíca yodométrica. En una solución acídica, el sulfito se titula con un titulador de yoduro-yodato y u...","Comprehensive automated control and monitoring system for aquaculture farms. Includes multiple sensors, programmable controllers and management sof...","Sistema de controle e monitoramento automatizado integral para fazendas aquícolas. Inclui sensores múltiplos, controladores programáveis e software..."
EQ018,equipos,5,true,"Cinta Industrial Prime","Digital Chemical Dosing Pump","Bomba Dosadora Química Digital","La cinta industrial de color negro es fabricado con material sensible a la presión y contiene adhesivos de alta calidad, siendo ideal para las repa...","Precision dosing pump with digital control for exact chemical application in aquaculture systems. Ideal for dosing probiotics, disinfectants, pH co...","Bomba dosadora de precisão com controle digital para aplicação exata de químicos em sistemas aquícolas. Ideal para dosagem de probióticos, desinfet..."
EQ019,equipos,5,true,"Freshwater","Programmable Automatic Feeder","Alimentador Automático Programável","Kit multiparámetros, rápido y fácil de usar.","High-precision automated feeding system for aquaculture. Allows programming multiple feeding schedules with exact quantities. Includes feed detecti...","Sistema de alimentação automatizado de alta precisão para aquicultura. Permite programar múltiplos horários de alimentação com quantidades exatas. ..."
EQ020,equipos,5,true,"Kits API Calcio","Water Clarifier by Sedimentation","Clarificador de Água por Sedimentação","El calcio es uno de los elementos más importantes en un acuario de arrecife. Los invertebrados de los arrecifes, como los corales, crustáceos, molu...","Sedimentation clarification system for removal of suspended solids and turbidity in aquaculture effluents. Uses gravitational sedimentation and flo...","Sistema de clarificação por sedimentação para remoção de sólidos suspensos e turbidez em efluentes aquícolas. Utiliza princípios de sedimentação gr..."
EQ021,equipos,5,true,"Kits API de pH","Precision Digital Thermometer","Termômetro Digital de Precisão","El KIT DE PRUEBA DE pH DE RANGO ALTO API mide los cambios de pH en acuarios marinos, acuarios con cíclidos africanos y agua del grifo muy alcalina.","High-precision digital thermometer specifically calibrated for aquaculture applications. Equipped with fast-response submersible probe and easy-to-...","Termômetro digital de alta precisão especificamente calibrado para aplicações aquícolas. Equipado com sonda submersível de resposta rápida e displa..."
EQ022,equipos,5,true,"Kits API Dureza de Carbono","Digital Refractometer for Salinity","Refratômetro Digital para Salinidade","","Precision digital refractometer for exact salinity measurement in marine aquaculture systems. Advanced digital technology with automatic temperatur...","Refratômetro digital de precisão para medição exata de salinidade em sistemas aquícolas marinhos. Tecnologia digital avançada com compensação autom..."
EQ023,equipos,5,true,"Kits API Fosfato","Portable Digital Turbidimeter","Turbidímetro Portátil Digital","El fosfato puede ingresar a su acuario a través del agua del grifo, desechos de peces y sustancias orgánicas en descomposición, como alimentos no c...","Portable digital turbidimeter for precise turbidity measurement in aquaculture systems. Uses 90° light scattering technology according to EPA and I...","Turbidímetro digital portátil para medição precisa de turbidez em sistemas aquícolas. Utiliza tecnologia de dispersão de luz a 90° segundo padrões ..."
EQ024,equipos,5,true,"Kits API Amonio","Digital Ammonia Analyzer","Analisador de Amônia Digital","El kit de prueba de amoníaco API® mide el amoníaco para ayudar a prevenir la pérdida de peces, ya que el amoníaco es el principal factor estresante...","Specialized digital analyzer for direct measurement of total ammonia in aquaculture systems. Uses ion-selective electrode technology for fast and a...","Analisador digital especializado para medição direta de amônia total em sistemas aquícolas. Utiliza tecnologia de eletrodo íon-seletivo para mediçõ..."
EQ025,equipos,5,true,"Kits API Nitrato","Electrical Conductivity Meter","Medidor de Condutividade Elétrica","Los altos niveles de nitrato en su acuario indican una acumulación de desechos de pescado y compuestos orgánicos, lo que resulta en una calidad del...","Digital electrical conductivity meter for monitoring dissolved salt concentration in aquaculture systems. Includes automatic temperature compensati...","Medidor digital de condutividade elétrica para monitoramento da concentração de sais dissolvidos em sistemas aquícolas. Inclui compensação automáti..."
EQ026,equipos,5,true,"Kits API Nitrito","Microscope for Plankton Analysis","Microscópio para Análise de Plâncton","El nitrito se produce en el acuario en forma de desechos de pescado, alimentos no consumidos y bacterias nitrificantes en el ciclo natural de su ac...","Specialized biological microscope for analysis of phytoplankton, zooplankton and microorganisms in aquaculture systems. Equipped with high-resoluti...","Microscópio biológico especializado para análise de fitoplâncton, zooplâncton e microorganismos em sistemas aquícolas. Equipado com objetivas de al..."
EQ027,equipos,5,true,"Malla Marines Roja","Water Quality Analysis Kit","Kit de Análise de Qualidade da Água","Malla técnica de alto rendimiento elaborada con 100% poliéster texturizado, teñida por agotamiento, de color rojo. Ideal para aplicaciones en acuic...","Complete chemical analysis kit for comprehensive water quality evaluation in aquaculture systems. Includes reagents and materials for analysis of c...","Kit completo de análise química para avaliação integral de qualidade da água em sistemas aquícolas. Inclui reagentes e materiais para análise de pa..."
EQ028,equipos,5,true,"Mallas Nitex","Microalgae Cultivation Incubator","Incubadora para Cultivo de Microalgas","Mallas de precisión fabricadas con monofilamento sintético especializado, diseñadas para garantizar consistencia en la filtración. Son resistentes ...","Specialized incubator for controlled cultivation of microalgae used as live food in aquaculture. Includes precise temperature control, programmable...","Incubadora especializada para cultivo controlado de microalgas utilizadas como alimento vivo em aquicultura. Inclui controle preciso de temperatura..."
EQ029,equipos,5,true,"Mallas para Piscinas Camaroneras","Digital Particle Counter","Contador de Partículas Digital","Mallas sintéticas de alta resistencia diseñadas para aplicaciones en acuicultura. Fabricadas con polímeros de calidad, son resistentes a bacterias,...","Automatic digital counter for rapid and accurate analysis of phytoplankton, zooplankton and other particle density in suspension. Uses image analys...","Contador digital automático para análise rápida e precisa de densidade de fitoplâncton, zooplâncton e outras partículas em suspensão. Utiliza tecno..."
EQ030,equipos,5,true,"Manguera de Vinil Transparente","Spectrophotometer for Water Analysis","Espectrofotômetro para Análise de Água","Aprobado por la FDA, de muy alta calidad con un diámetro ligeramente más grande y pared más pesada que la tubería de acuario.","UV-Visible spectrophotometer specialized for advanced chemical analysis of water in aquaculture systems. Allows precise determination of nutrients,...","Espectrofotômetro UV-Visível especializado para análise química avançada de água em sistemas aquícolas. Permite determinação precisa de nutrientes,..."
EQ031,equipos,5,true,"Manguera Difusora","UV Sterilizer for Equipment","Esterilizador UV para Equipamentos","Para obtener un ambiente adecuado en el estanque, la manguera difusora se debe ubicar de acuerdo a la forma del mismo: Estanque circular: Debe ser ...","UV-C sterilizer specialized for disinfection of equipment, tools and surfaces in aquaculture laboratories and hatcheries. Compact design with close...","Esterilizador UV-C especializado para desinfecção de equipamentos, ferramentas e superfícies em laboratórios e hatcheries aquícolas. Design compact..."
EQ032,equipos,5,true,"Medidor de Calcio","Laboratory Magnetic Stirrer","Agitador Magnético para Laboratório","Medidor portátil de calcio con electrodo selectivo de iones, diseñado para ofrecer mediciones rápidas y precisas en campo o laboratorio. Su diseño ...","Precision magnetic stirrer for preparation of solutions, culture media and reagents in aquaculture laboratories. Includes variable speed control, o...","Agitador magnético de precisão para preparação de soluções, meios de cultivo e reagentes em laboratórios aquícolas. Inclui controle de velocidade v..."
EQ033,equipos,5,true,"Medidor de Conductividad EC-11","Precision Analytical Balance","Balança Analítica de Precisão","Medidor portátil compacto y de alta precisión diseñado para la medición de conductividad en campo o laboratorio. Su tecnología de doble electrodo b...","High-precision analytical balance for exact weighing of reagents, samples and standards in aquaculture laboratories. Equipped with electromagnetic ...","Balança analítica de alta precisão para pesagem exata de reagentes, amostras e padrões em laboratórios aquícolas. Equipada com célula de carga elet..."
EQ034,equipos,5,true,"Medidor de pH","Centrifuge for Biological Samples","Centrífuga para Amostras Biológicas","","High-speed desktop centrifuge for separation of biological samples in aquaculture laboratories. Designed for phytoplankton concentration, cell sepa...","Centrífuga de mesa de alta velocidade para separação de amostras biológicas em laboratórios aquícolas. Projetada para concentração de fitoplâncton,..."
EQ035,equipos,5,true,"Medidor de Potasio","Sterilization Autoclave","Autoclave para Esterilização","Medidor portátil japonés de potasio de alta precisión, ideal para laboratorio y campo. Utiliza tecnología de electrodo selectivo de iones, requiere...","Automatic benchtop autoclave for sterilization of culture media, instruments and laboratory materials in aquaculture facilities. Uses saturated ste...","Autoclave de mesa automática para esterilização de meios de cultivo, instrumentos e materiais de laboratório em instalações aquícolas. Utiliza vapo..."
EQ036,equipos,5,true,"Microscopio","Digital Thermostat for Aquariums","Termostato Digital para Aquários","Microscopio clínico de la vanguardia 1220CM-BP Cabeza binocular","Precision digital thermostat for automatic temperature control in culture tanks, laboratories and broodstock maintenance systems. Includes submersi...","Termostato digital de precisão para controle automático de temperatura em tanques de cultivo, laboratórios e sistemas de manutenção de reprodutores..."
EQ037,equipos,5,true,"Neon OPTOD","Ultrasonic Cleaning System","Sistema de Limpeza por Ultrassom","Oxímetro portátil de alta precisión para medición de oxígeno disuelto y temperatura en sistemas acuícolas. Utiliza sensor OPTOD con tecnología ópti...","Professional ultrasonic cleaner for deep cleaning of instruments, equipment and aquaculture laboratory materials. Uses high-frequency ultrasonic wa...","Limpador ultrassônico profissional para limpeza profunda de instrumentos, equipamentos e materiais de laboratório aquícola. Utiliza ondas ultrassôn..."
EQ038,equipos,5,true,"Oxigenómetro - Disuelto DO -120","Multi-Channel Peristaltic Pump","Bomba Peristáltica Multicanal","Oxigenómetro portátil japonés de alta precisión para mediciones de oxígeno disuelto y temperatura en campo. Equipado con sensor galvánico y carcasa...","Precision multi-channel peristaltic pump for simultaneous dosing of different solutions in aquaculture systems. Ideal for automatic application of ...","Bomba peristáltica de precisão com múltiplos canais para dosagem simultânea de diferentes soluções em sistemas aquícolas. Ideal para aplicação auto..."
EQ039,equipos,5,true,"Oxigenómetro - Oakton 260","High-Speed Homogenizer","Homogeneizador de Alta Velocidade","Medidor portátil de oxígeno disuelto y temperatura, diseñado con una carcasa robusta, antideslizante y resistente al agua (IP67), polvo e impactos....","High-speed homogenizer for sample preparation, emulsions and suspensions in aquaculture laboratories. Especially useful for food homogenization, pr...","Homogeneizador de alta velocidade para preparação de amostras, emulsões e suspensões em laboratórios aquícolas. Especialmente útil para homogeneiza..."
EQ040,equipos,5,true,"Oxigenómetro OxyGuard Polaris C","Automatic Media Dispenser","Dispensador Automático de Meios","Oxímetro portátil de campo con sonda galvánica que permite medir oxígeno disuelto (en mg/L y % de saturación), temperatura y compensación de salini...","High-precision automatic dispenser for distribution of culture media, solutions and reagents in Petri dishes and test tubes. Essential for aquacult...","Dispensador automático de alta precisão para distribuição de meios de cultivo, soluções e reagentes em placas de Petri e tubos de ensaio. Essencial..."
EQ041,equipos,5,true,"Piedras Difusoras","Digital Residual Chlorine Meter","Medidor de Cloro Residual Digital","Los difusores de aire son ideales para producir una emisión homogénea de pequeñas burbujas en su acuario de agua dulce o salada. Con estos difusore...","Portable digital meter for precise determination of free and total chlorine in water treatment systems for aquaculture. Uses DPD colorimetric metho...","Medidor digital portátil para determinação precisa de cloro livre e total em sistemas de tratamento de água para aquicultura. Utiliza método colori..."
EQ042,equipos,5,true,"Salinómetro -11","IoT Remote Monitoring System","Sistema de Monitoramento Remoto IoT","Salinómetro portátil de alta precisión con sensor plano, ideal para mediciones rápidas y confiables de salinidad en agua de mar, soluciones nutriti...","Comprehensive IoT-based remote monitoring system for continuous tracking of critical parameters in aquaculture farms. Includes wireless sensors, co...","Sistema integral de monitoramento remoto baseado em IoT para acompanhamento contínuo de parâmetros críticos em fazendas aquícolas. Inclui sensores ..."
EQ043,equipos,5,true,"Salinómetro Vee Gee STX-3","Benchtop Freeze Dryer","Liofilizador de Bancada","Refractómetro manual de alta precisión diseñado para medir la concentración de sal (ppt) y la gravedad específica (GE) en agua de mar. Fabricado co...","Compact benchtop freeze dryer for preservation of biological samples, microbial cultures and biotechnological products in aquaculture laboratories....","Liofilizador de bancada compacto para preservação de amostras biológicas, cultivos microbianos e produtos biotecnológicos em laboratórios aquícolas..."
EQ044,equipos,5,true,"Smart Spectro","Laminar Flow Chamber","Câmara de Fluxo Laminar","Un espectrofotómetro fácil de usar y preciso. Con selección automática de longitudes de onda, pruebas preprogramadas y un rendimiento superior.","Horizontal laminar flow chamber for sterile work in aquaculture microbiology laboratories. Provides particle-free environment for microbial culture...","Câmara de fluxo laminar horizontal para trabalho estéril em laboratórios de microbiologia aquícola. Proporciona ambiente livre de partículas para m..."
EQ045,equipos,5,false,"Termómetro","Thermometer","Termômetro","","",""
EQ046,equipos,5,true,"Tirillas pH","Sample Concentrator by Centrifugation","Concentrador de Amostras por Centrifugação","","High-speed centrifugal concentrator for rapid concentration of microorganisms, cells and suspended particles. Ideal for concentration of phytoplank...","Concentrador centrífugo de alta velocidade para concentração rápida de microorganismos, células e partículas em suspensão. Ideal para concentração ..."
EQ047,equipos,5,true,"Tubos API","Ultra Pure Water Purification System","Sistema de Purificação de Água Ultra Pura","API, Tubos de prueba de plástico, repuesto con tapas para cualquier kit de prueba de acuario, incluyendo el kit de prueba maestro de agua dulce API...","Complete water purification system for obtaining Type I ultra pure water for critical applications in aquaculture laboratories. Combines multiple t...","Sistema completo de purificação de água para obtenção de água ultra pura tipo I para aplicações críticas em laboratórios aquícolas. Combina múltipl..."
EQ048,equipos,5,true,"Waterlink Spin Touch","Multifunctional Workstation","Estação de Trabalho Multifuncional","Fotómetro digital avanzado para pruebas rápidas y precisas en agua dulce y salada. Utiliza discos prellenados (SpinDisk™) para ejecutar de 8 a 10 p...","Comprehensive workstation that combines multiple essential equipment for aquaculture laboratories in a single compact unit. Includes magnetic stirr...","Estação de trabalho integral que combina múltiplos equipamentos essenciais para laboratórios aquícolas em uma única unidade compacta. Inclui agitad..."
PB001,probioticos,6,true,"Hatchery Prime","Hatchery Prime","Hatchery Prime","Es un producto de biorremediación utilizado en los criaderos de acuicultura para mejorar la calidad del agua y reducir los patógenos que alteran la...","It is a bioremediation product used in aquaculture hatcheries to improve water quality and reduce pathogens that alter environmental conditions, st...","É um produto de biorremediação utilizado em incubatórios de aquicultura para melhorar a qualidade da água e reduzir patógenos que alteram as condiç..."
PB002,probioticos,6,true,"PondToss","PondToss","PondToss","PondToss son premezclas de bacterias de diferentes usos, las cuales sirven para degradar desechos orgánicamente sano para el cultivo de camarones o...","PondToss are bacterial premixes for different uses, which serve to degrade waste organically healthy for shrimp or fish culture. It is composed of ...","PondToss são pré-misturas de bactérias de diferentes usos, que servem para degradar resíduos organicamente saudáveis para cultivo de camarões ou pe..."
PB003,probioticos,6,true,"Terminate","Terminate","Terminate","Terminate es una mezcla que contiene cuatro tipos de bacterias liofilizadas de diferentes usos, las cuales sirven para mejorar la salud del animal,...","Terminate is a mixture containing four types of freeze-dried bacteria for different uses, which serve to improve animal health and promote a health...","Terminate é uma mistura que contém quatro tipos de bactérias liofilizadas de diferentes usos, que servem para melhorar a saúde do animal e promover..."
PB004,probioticos,6,true,"Waste & Sludge Reducer™ (WSR)","Waste & Sludge Reducer™ (WSR)","Waste & Sludge Reducer™ (WSR)","Contiene cepas bacterianas probióticas que mejoran la calidad del suelo y agua. Contiene cuatro especies de Bacillus que usan múltiples modos de ac...","Contains probiotic bacterial strains that improve soil and water quality. Contains four Bacillus species that use multiple modes of action to reduc...","Contém cepas bacterianas probióticas que melhoram a qualidade do solo e da água. Contém quatro espécies de Bacillus que usam múltiplos modos de açã..."
QU001,quimicos,7,true,"Ácido Fórmico","Formic Acid","Ácido Fórmico","Ácido orgánico con propiedades acidificantes y antimicrobianas, ideal para el control de patógenos en agua de laboratorios y camaroneras. De uso fr...","Organic acid with acidifying and antimicrobial properties, ideal for pathogen control in laboratory and farm water. Frequently used in general disi...","Ácido orgânico com propriedades acidificantes e antimicrobianas, ideal para controle de patógenos em água de laboratórios e fazendas. De uso freque..."
QU002,quimicos,7,true,"Ácido Húmico","Humic Acid","Ácido Húmico","El Ácido Húmico es un bioestimulante natural que mejora la calidad del agua en sistemas de cultivo acuático. Tiene efecto floculante y promueve la ...","Humic Acid is a natural biostimulant that improves water quality in aquatic culture systems. It has a flocculating effect and promotes particle sed...","O Ácido Húmico é um bioestimulante natural que melhora a qualidade da água em sistemas de cultivo aquático. Tem efeito floculante e promove a sedim..."
QU003,quimicos,7,true,"Ácido Nítrico","Nitric Acid","Ácido Nítrico","El Ácido Nítrico es un compuesto químico con propiedades desinfectantes y acidificantes, utilizado ampliamente en el mantenimiento de bioseguridad ...","Nitric Acid is a chemical compound with disinfectant and acidifying properties, widely used in maintaining biosecurity of aquatic crops. It is high...","O Ácido Nítrico é um composto químico com propriedades desinfetantes e acidificantes, amplamente utilizado na manutenção da biossegurança de cultiv..."
QU004,quimicos,7,true,"Cloro Granulado","Granulated Chlorine","Cloro Granulado","Desinfectante de amplio espectro con un 70% de pureza, utilizado como parte de los programas de bioseguridad en laboratorios, criaderos, camaronera...","Broad-spectrum disinfectant with 70% purity, used as part of biosecurity programs in laboratories, hatcheries, farms and packing plants. Its action...","Desinfetante de amplo espectro com 70% de pureza, utilizado como parte dos programas de biossegurança em laboratórios, incubatórios, fazendas e emp..."
QU005,quimicos,7,true,"Cloruro de Magnesio","Magnesium Chloride","Cloreto de Magnésio","El Cloruro de Magnesio es un suplemento mineral esencial de alta pureza utilizado en sistemas acuáticos, especialmente en cultivos de camarón. Su a...","Magnesium Chloride is an essential high-purity mineral supplement used in aquatic systems, especially in shrimp culture. Its application strengthen...","O Cloreto de Magnésio é um suplemento mineral essencial de alta pureza utilizado em sistemas aquáticos, especialmente em cultivos de camarão. Sua a..."
QU006,quimicos,7,true,"Cloruro de Potasio","Potassium Chloride","Cloreto de Potássio","El Cloruro de Potasio es un suplemento mineral altamente puro y esencial para el cultivo de camarón, especialmente en sistemas de baja salinidad. E...","Potassium Chloride is a highly pure and essential mineral supplement for shrimp culture, especially in low salinity systems. Potassium is fundament...","O Cloreto de Potássio é um suplemento mineral altamente puro e essencial para o cultivo de camarão, especialmente em sistemas de baixa salinidade. ..."
QU007,quimicos,7,true,"EDTA (4Na)","EDTA (4Na)","EDTA (4Na)","EDTA (ácido etilendiaminotetraacético tetrasódico) es un potente agente quelante utilizado ampliamente en acuicultura para eliminar metales pesados...","EDTA (tetrasodium ethylenediaminetetraacetic acid) is a powerful chelating agent widely used in aquaculture to remove heavy metals from water such ...","EDTA (ácido etilenodiaminotetracético tetrassódico) é um potente agente quelante amplamente utilizado na aquicultura para remover metais pesados da..."
QU008,quimicos,7,true,"Formaldehído (Formol)","Formaldehyde (Formalin)","Formaldeído (Formol)","El formaldehído, conocido en solución acuosa como formol, es un desinfectante y antiparasitario de amplio espectro utilizado en la acuicultura. Es ...","Formaldehyde, known in aqueous solution as formalin, is a broad-spectrum disinfectant and antiparasitic used in aquaculture. It is effective in tre...","O formaldeído, conhecido em solução aquosa como formol, é um desinfetante e antiparasitário de amplo espectro utilizado na aquicultura. É eficaz no..."
QU009,quimicos,7,true,"Metasilicato de Sodio","Sodium Metasilicate","Metassilicato de Sódio","El Metasilicato de Sodio es un fertilizante microgranulado soluble utilizado en cultivos acuáticos, especialmente en laboratorios y camaroneras, pa...","Sodium Metasilicate is a soluble microgranulated fertilizer used in aquatic cultures, especially in laboratories and shrimp farms, to stimulate the...","O Metassilicato de Sódio é um fertilizante microgranulado solúvel utilizado em cultivos aquáticos, especialmente em laboratórios e camaroneiras, pa..."
QU010,quimicos,7,true,"Nitrato de Sodio","Sodium Nitrate","Nitrato de Sódio","El Nitrato de Sodio es un fertilizante de alta pureza utilizado en cultivos acuáticos, especialmente en camaroneras, para fomentar la proliferación...","Sodium Nitrate is a high purity fertilizer used in aquatic cultures, especially in shrimp farms, to promote the proliferation of phytoplankton and ...","O Nitrato de Sódio é um fertilizante de alta pureza utilizado em cultivos aquáticos, especialmente em camaroneiras, para fomentar a proliferação do..."
QU011,quimicos,7,true,"Nitrato Sódico Potásico","Sodium Potassium Nitrate","Nitrato Sódico Potássico","El Nitrato Sódico Potásico es un fertilizante natural especialmente formulado para mantener el equilibrio iónico en sistemas acuáticos. Aporta nitr...","Sodium Potassium Nitrate is a natural fertilizer specially formulated to maintain ionic balance in aquatic systems. It provides nitrogen and potass...","O Nitrato Sódico Potássico é um fertilizante natural especialmente formulado para manter o equilíbrio iônico em sistemas aquáticos. Fornece nitrogê..."
QU012,quimicos,7,true,"Orthotolidine (OTO)","Orthotolidine (OTO)","Ortotoluidina (OTO)","Reactivo líquido utilizado para la determinación cualitativa y semicuantitativa de cloro en el agua de piscinas, tanques y reservorios, mediante un...","Liquid reagent used for qualitative and semi-quantitative determination of chlorine in pool, tank and reservoir water, through an easy-to-interpret...","Reagente líquido utilizado para determinação qualitativa e semi-quantitativa de cloro na água de piscinas, tanques e reservatórios, através de uma ..."
QU013,quimicos,7,true,"Percarbonato de Sodio","Sodium Percarbonate","Percarbonato de Sódio","El Percarbonato de Sodio es un compuesto con propiedades desinfectantes, oxigenantes y antiparasitarias, utilizado en sistemas acuáticos como labor...","Sodium Percarbonate is a compound with disinfectant, oxygenating and antiparasitic properties, used in aquatic systems such as larval laboratories ...","O Percarbonato de Sódio é um composto com propriedades desinfetantes, oxigenantes e antiparasitárias, utilizado em sistemas aquáticos como laborató..."
QU014,quimicos,7,true,"Peróxido de Hidrógeno","Hydrogen Peroxide","Peróxido de Hidrogênio","El Peróxido de Hidrógeno (H₂O₂) es un potente agente oxidante y desinfectante utilizado en cultivos acuáticos para el control de bacterias anaeróbi...","Hydrogen Peroxide (H₂O₂) is a powerful oxidizing and disinfectant agent used in aquatic cultures for the control of anaerobic bacteria, fungi, mold...","O Peróxido de Hidrogênio (H₂O₂) é um potente agente oxidante e desinfetante utilizado em cultivos aquáticos para o controle de bactérias anaeróbica..."
QU015,quimicos,7,true,"Refrigerante Ecológico R507","Ecological Refrigerant R507","Refrigerante Ecológico R507","El R-507 es un refrigerante ecológico HFC (hidrógeno-flúor-carbono), en mezcla azeotrópica, ideal para aplicaciones de refrigeración comercial de m...","R-507 is an ecological HFC (hydrogen-fluorocarbon) refrigerant, in azeotropic mixture, ideal for medium and low temperature commercial refrigeratio...","O R-507 é um refrigerante ecológico HFC (hidrogênio-flúor-carbono), em mistura azeotrópica, ideal para aplicações de refrigeração comercial de médi..."
QU016,quimicos,7,true,"Sulfato de Aluminio (SO4)3 Al2","Aluminum Sulfate (SO₄)₃ Al₂","Sulfato de Alumínio (SO₄)₃ Al₂","El sulfato de aluminio es un agente coagulante altamente eficaz, utilizado en acuicultura para clarificar el agua, controlar nutrientes y reducir l...","Aluminum sulfate is a highly effective coagulating agent used in aquaculture to clarify water, control nutrients and reduce pathogen load. Its use ...","O sulfato de alumínio é um agente coagulante altamente eficaz, utilizado na aquicultura para clarificar a água, controlar nutrientes e reduzir a ca..."
QU017,quimicos,7,true,"Thiosulfato de Sodio","Sodium Thiosulfate","Tiossulfato de Sódio","El Tiosulfato de Sodio es un compuesto altamente eficaz para la neutralización del cloro en sistemas de acuicultura. Su uso es esencial en procesos...","Sodium Thiosulfate is a highly effective compound for chlorine neutralization in aquaculture systems. Its use is essential in processes that requir...","O Tiossulfato de Sódio é um composto altamente eficaz para a neutralização do cloro em sistemas de aquicultura. Seu uso é essencial em processos qu..."
QU018,quimicos,7,true,"Trilon B - EDTA","Trilon B - EDTA","Trilon B - EDTA","Trilon B es un agente quelante producido por BASF, compuesto por sales de sodio de EDTA. Su función principal es la quelación de metales pesados co...","Trilon B is a chelating agent produced by BASF, composed of sodium salts of EDTA. Its main function is the chelation of heavy metals such as iron, ...","Trilon B é um agente quelante produzido pela BASF, composto por sais de sódio de EDTA. Sua função principal é a quelação de metais pesados como fer..."